{"cameraMode":{"drawMode":0,"name":"Shaded","section":"Shading Mode"},"sceneLighting":false,"audioPlay":false,"sceneViewState":{"m_AlwaysRefresh":false,"showFog":true,"showSkybox":false,"showFlares":true,"showImageEffects":true,"showParticleSystems":true,"showVisualEffectGraphs":true,"m_FxEnabled":true},"in2DMode":false,"pivot":{"x":-2.2898430824279787,"y":-3.862147331237793,"z":-0.10264129936695099},"rotation":{"x":-0.5868880152702332,"y":0.014089864678680897,"z":0.01020918320864439,"w":0.8095148205757141},"size":2.2149810791015627,"orthographic":true}